tests/m1 , 2019-10-07 11:01:32.683492516+02:00 , c06f0949c0d742559a360bfbf74c268a57364718 ,   111 / 118,  31 / 119, 59%,
tests/m1 , 2019-10-07 11:21:22.688300905+02:00 , d1211365ffefd6aa867f5d20513c6dc1f03c5026 ,   111 / 118,  31 / 119, 59%,
tests/m1 , 2019-10-07 13:21:58.115105519+02:00 , a7db5bde229c86de4253fc27e0abd78359b37aa0 ,   111 / 118,  31 / 119, 59%,
tests/m1 , 2019-10-07 13:25:04.855325466+02:00 , 1140df96dc3dce72d7c7992df2f4caf3f599d552 ,   111 / 118,  31 / 119, 59%,
tests/m1 , 2019-10-07 21:35:26.308572933+02:00 , 88690e7a932590e940262175c340d9602a7b2441 ,   111 / 118,  31 / 119, 59%,
tests/m1 , 2019-10-08 10:09:20.263718352+02:00 , efb6938114896814bcd6987fb36d343ea7f75b2f ,   115 / 118,  10 / 119, 52%,
tests/m1 , 2019-10-08 10:21:27.341628946+02:00 , bf83e2afbf38ad4df942001aa346f9ebcdd800df ,   118 / 118,  0 / 119, 49%,
tests/m1 , 2019-10-09 16:32:45.334457392+02:00 , 808733a8e376fe0f069f8c7c3774a105d8838127 ,   115 / 118,  29 / 119, 60%,
tests/m1 , 2019-10-09 17:23:28.061635253+02:00 , 54de2fffdc44250ee2b45e102488b669b0f2cfdf ,   118 / 118,  5 / 119, 51%,
tests/m1 , 2019-10-10 11:34:25.078072620+02:00 , 9b09a841e3137f29541e7723126c7ae78b44445a ,   117 / 118,  44 / 119, 67%,
tests/m1 , 2019-10-10 14:51:55.219442734+02:00 , f36f2ef21206278bb2549f18111167ecf8ce7576 ,   115 / 118,  61 / 119, 74%,
tests/m1 , 2019-10-11 11:04:25.812026693+02:00 , 07847ff92b222e2b0a476d2c24b90a1ed31b98f8 ,   117 / 118,  57 / 119, 73%,
tests/m1 , 2019-10-11 12:18:45.769272876+02:00 , 55165cb6afcff1f586d7bd6eaf05457bd926a5e8 ,   117 / 118,  66 / 119, 77%,
tests/m1 , 2019-10-11 18:58:00.835114037+02:00 , 3358965e0cdb53a5d1eff001c1a7acfda9890e2c ,   117 / 118,  66 / 119, 77%,
tests/m1 , 2019-10-11 19:53:46.438456636+02:00 , c5661058590a53691129d8596f11ae57c56b22e8 ,   117 / 118,  71 / 119, 79%,
tests/m1 , 2019-10-11 20:36:54.798820564+02:00 , 61dc9dbc1fe9116889c45fccc492b065ea689db9 ,   117 / 118,  71 / 119, 79%,
tests/m1 , 2019-10-11 21:09:37.360839521+02:00 , 3296e100b517d425bd4a28cf42bd97b26c64cae6 ,   117 / 118,  77 / 119, 81%,
tests/m1 , 2019-10-11 21:21:11.228701719+02:00 , bca5426950ef8728d0a60e24505094651d10aba0 ,   118 / 118,  39 / 119, 66%,
tests/m1 , 2019-10-11 21:53:50.790883980+02:00 , 5b1ce05277d05ac657758008ae7e4fd3e4ecabcb ,   117 / 118,  73 / 119, 80%,
tests/m1 , 2019-10-11 22:11:52.770134210+02:00 , 6d2514264a4ca59c9e6649739d697fbbf250bf2f ,   116 / 118,  82 / 119, 83%,
tests/m1 , 2019-10-12 11:01:35.175306176+02:00 , c3bc7a525a66a83204c76ba805e97840443f25c5 ,   116 / 118,  82 / 119, 83%,
tests/m1 , 2019-10-12 12:38:06.712320754+02:00 , ab7fd72c928401060220bd9bd151d17f6705a356 ,   117 / 118,  102 / 119, 92%,
tests/m1 , 2019-10-12 16:53:06.835695863+02:00 , 7ca755990cc9509b8ee3ff6cb46b0975ab532be7 ,   118 / 118,  106 / 119, 94%,
tests/m1 , 2019-10-14 23:11:17.847424291+02:00 , 29a31e09ae5a251cd50ebd0e1eaa5864eb68c252 ,   118 / 118,  105 / 119, 94%,
tests/m1 , 2019-10-15 09:09:25.094358856+02:00 , febe07f7d81878cc7f766906c2b4014fc5d9537f ,   118 / 118,  109 / 119, 95%,
tests/m1 , 2019-10-15 09:34:59.277366635+02:00 , ee576b5f996656ae26dd1f5f06e10c535d398c36 ,   118 / 118,  114 / 119, 97%,
tests/m1 , 2019-10-17 18:25:31.487509931+02:00 , 16bbba32f1c26cfa9fd19dc218f14f3d82d16942 ,   118 / 118,  113 / 119, 97%,
tests/m1 , 2019-10-17 18:36:57.714010532+02:00 , 6e0df8c1cd9733002831b3a1dd639c78d0c16ade ,   118 / 118,  115 / 119, 98%,
tests/m1 , 2019-10-18 11:55:36.703452193+02:00 , 1a775902407a2db52786eca5de8edcf1b015b4c3 ,   118 / 118,  116 / 119, 98%,
tests/m1 , 2019-10-20 12:21:55.358702514+02:00 , 5473b9ae854b92da93a6d9d16a264da92d1705dc ,   118 / 118,  115 / 119, 98%,
tests/m1 , 2019-10-21 10:49:30.140782837+02:00 , 781e07078654151bcf40bd0202cbf1e6877dc75e ,   118 / 118,  116 / 119, 98%,
tests/m1 , 2019-11-04 21:43:54.181815238+01:00 , c32ca86393099f7036d4502f5a6487cd9cbfc250 ,   118 / 118,  116 / 119, 98%,
tests/m2 , 2019-11-04 21:43:54.880193415+01:00 , c32ca86393099f7036d4502f5a6487cd9cbfc250 , Entering directory '/home/opam/source/flap/tests/m2', Leaving directory '/home/opam/source/flap/tests/m2',
tests/m1 , 2019-11-05 18:08:23.079286920+01:00 , 0ac39650af9f11e5ea5aa8be2a9816152d446c68 ,   118 / 118,  116 / 119, 98%,
tests/m2 , 2019-11-05 18:08:26.542932152+01:00 , 0ac39650af9f11e5ea5aa8be2a9816152d446c68 ,   0 / 0,  32 / 72, 44%,
tests/m1 , 2019-11-05 18:16:54.634290743+01:00 , 76d525814e5aeedf57998c4509226a2ae7a10bc5 ,   118 / 118,  116 / 119, 98%,
tests/m2 , 2019-11-05 18:16:57.952710111+01:00 , 76d525814e5aeedf57998c4509226a2ae7a10bc5 ,   0 / 0,  32 / 72, 44%,
tests/m1 , 2019-11-05 18:32:47.147510022+01:00 , 6d1a297f1dc957c430cccd8b9151c9c3535247cd ,   118 / 118,  116 / 119, 98%,
tests/m2 , 2019-11-05 18:32:50.234813094+01:00 , 6d1a297f1dc957c430cccd8b9151c9c3535247cd ,   0 / 0,  49 / 72, 68%,
tests/m1 , 2019-11-05 18:58:07.798201223+01:00 , 6fabbe621a9ccec119220600ad137bdaa482aeda ,   118 / 118,  116 / 119, 98%,
tests/m2 , 2019-11-05 18:58:21.114814652+01:00 , 6fabbe621a9ccec119220600ad137bdaa482aeda ,   0 / 0,  62 / 72, 86%,
tests/m1 , 2019-11-05 19:08:59.723688986+01:00 , ab87c3b91d943af5ad3cc5eb61ca61e8f17119a3 ,   118 / 118,  116 / 119, 98%,
tests/m2 , 2019-11-05 19:09:13.516745553+01:00 , ab87c3b91d943af5ad3cc5eb61ca61e8f17119a3 ,   0 / 0,  67 / 72, 93%,
tests/m1 , 2019-11-10 14:04:35.020582547+01:00 , b74ae4c2e10fac40214952701e5c57fcf2f4903a ,   118 / 118,  116 / 119, 98%,
tests/m2 , 2019-11-10 14:04:48.686318429+01:00 , b74ae4c2e10fac40214952701e5c57fcf2f4903a ,   0 / 0,  67 / 72, 93%,
tests/m1 , 2019-11-26 11:45:45.581279702+01:00 , 31929bd2c5bbae6bdfe1c6140e05d8fbcb20e4e5 ,   118 / 118,  105 / 119, 94%,
tests/m2 , 2019-11-26 11:45:58.413662390+01:00 , 31929bd2c5bbae6bdfe1c6140e05d8fbcb20e4e5 ,   0 / 0,  67 / 72, 93%,
tests/m3 , 2019-11-26 11:46:01.256455198+01:00 , 31929bd2c5bbae6bdfe1c6140e05d8fbcb20e4e5 ,   53 / 56,  34 / 56, 77%,
tests/m4 , 2019-11-26 11:46:02.736434678+01:00 , 31929bd2c5bbae6bdfe1c6140e05d8fbcb20e4e5 ,   0 / 0,  0 / 31, 0%,
tests/m1 , 2019-11-26 16:38:55.288748238+01:00 , b77db9189913bb32e8d34e17540763de7466aab9 ,   118 / 118,  105 / 119, 94%,
tests/m2 , 2019-11-26 16:39:08.137653031+01:00 , b77db9189913bb32e8d34e17540763de7466aab9 ,   0 / 0,  67 / 72, 93%,
tests/m3 , 2019-11-26 16:39:11.194096474+01:00 , b77db9189913bb32e8d34e17540763de7466aab9 ,   53 / 56,  34 / 56, 77%,
tests/m4 , 2019-11-26 16:39:12.637747302+01:00 , b77db9189913bb32e8d34e17540763de7466aab9 ,   0 / 0,  0 / 31, 0%,
tests/m1 , 2019-11-27 16:22:32.963338828+01:00 , 7d1fd7fef36abb617afd85fd85c7f0ba0e3e38bc ,   118 / 118,  105 / 119, 94%,
tests/m2 , 2019-11-27 16:22:46.971301792+01:00 , 7d1fd7fef36abb617afd85fd85c7f0ba0e3e38bc ,   0 / 0,  67 / 72, 93%,
tests/m3 , 2019-11-27 16:22:50.086621419+01:00 , 7d1fd7fef36abb617afd85fd85c7f0ba0e3e38bc ,   53 / 56,  41 / 56, 83%,
tests/m4 , 2019-11-27 16:22:51.550006959+01:00 , 7d1fd7fef36abb617afd85fd85c7f0ba0e3e38bc ,   0 / 0,  0 / 31, 0%,
tests/m1 , 2019-11-30 14:17:39.836546441+01:00 , 17bd298e33bc5d92f3358e480b80b94069442a38 ,   118 / 118,  105 / 119, 94%,
tests/m2 , 2019-11-30 14:17:52.863766887+01:00 , 17bd298e33bc5d92f3358e480b80b94069442a38 ,   0 / 0,  67 / 72, 93%,
tests/m3 , 2019-11-30 14:17:55.705118455+01:00 , 17bd298e33bc5d92f3358e480b80b94069442a38 ,   53 / 56,  41 / 56, 83%,
tests/m4 , 2019-11-30 14:17:57.304458410+01:00 , 17bd298e33bc5d92f3358e480b80b94069442a38 ,   0 / 0,  0 / 31, 0%,
tests/m1 , 2019-12-01 14:56:29.920378046+01:00 , 2cb0cf6f19ab7a2cb5357306a440ea9e847b1834 ,   118 / 118,  105 / 119, 94%,
tests/m2 , 2019-12-01 14:56:43.021645932+01:00 , 2cb0cf6f19ab7a2cb5357306a440ea9e847b1834 ,   0 / 0,  67 / 72, 93%,
tests/m3 , 2019-12-01 14:56:46.148516075+01:00 , 2cb0cf6f19ab7a2cb5357306a440ea9e847b1834 ,   53 / 56,  41 / 56, 83%,
tests/m4 , 2019-12-01 14:56:47.811281325+01:00 , 2cb0cf6f19ab7a2cb5357306a440ea9e847b1834 ,   0 / 0,  0 / 31, 0%,
tests/m1 , 2019-12-10 12:15:52.647293812+01:00 , 72ff8da6d6a1a12ec3fb009f6822d43a3ea54773 ,   118 / 118,  105 / 119, 94%,
tests/m2 , 2019-12-10 12:16:06.507086188+01:00 , 72ff8da6d6a1a12ec3fb009f6822d43a3ea54773 ,   0 / 0,  67 / 72, 93%,
tests/m3 , 2019-12-10 12:16:09.170120298+01:00 , 72ff8da6d6a1a12ec3fb009f6822d43a3ea54773 ,   53 / 56,  41 / 56, 83%,
tests/m4 , 2019-12-10 12:16:15.019195237+01:00 , 72ff8da6d6a1a12ec3fb009f6822d43a3ea54773 ,   0 / 0,  31 / 31, 100%,
tests/m1 , 2019-12-17 15:32:56.728332852+01:00 , c414a6e50d84a08aef8f0711047cf355664b9568 ,   118 / 118,  105 / 119, 94%,
tests/m2 , 2019-12-17 15:33:09.537148459+01:00 , c414a6e50d84a08aef8f0711047cf355664b9568 ,   0 / 0,  67 / 72, 93%,
tests/m3 , 2019-12-17 15:33:12.545154238+01:00 , c414a6e50d84a08aef8f0711047cf355664b9568 ,   53 / 56,  41 / 56, 83%,
tests/m4 , 2019-12-17 15:33:18.440445214+01:00 , c414a6e50d84a08aef8f0711047cf355664b9568 ,   0 / 0,  31 / 31, 100%,
tests/m6 , 2019-12-17 15:33:20.169757782+01:00 , c414a6e50d84a08aef8f0711047cf355664b9568 ,,   0 / 0,  3 / 36,
tests/m1 , 2019-12-17 17:38:35.295936528+01:00 , 18f01b9f04dcc8c839c4b6f4cc6907f6fe8e5711 ,   118 / 118,  105 / 119, 94%,
tests/m2 , 2019-12-17 17:38:49.056687039+01:00 , 18f01b9f04dcc8c839c4b6f4cc6907f6fe8e5711 ,   0 / 0,  67 / 72, 93%,
tests/m3 , 2019-12-17 17:38:51.971602827+01:00 , 18f01b9f04dcc8c839c4b6f4cc6907f6fe8e5711 ,   53 / 56,  41 / 56, 83%,
tests/m4 , 2019-12-17 17:38:57.743901814+01:00 , 18f01b9f04dcc8c839c4b6f4cc6907f6fe8e5711 ,   0 / 0,  31 / 31, 100%,
tests/m6 , 2019-12-17 17:38:59.454513700+01:00 , 18f01b9f04dcc8c839c4b6f4cc6907f6fe8e5711 ,,   0 / 0,  4 / 36,
tests/m1 , 2019-12-17 19:00:36.820187396+01:00 , caaf00ab51f37268e0337aca23df1b140cfd95a4 ,   118 / 118,  105 / 119, 94%,
tests/m2 , 2019-12-17 19:00:50.602653994+01:00 , caaf00ab51f37268e0337aca23df1b140cfd95a4 ,   0 / 0,  67 / 72, 93%,
tests/m3 , 2019-12-17 19:00:53.731224834+01:00 , caaf00ab51f37268e0337aca23df1b140cfd95a4 ,   53 / 56,  41 / 56, 83%,
tests/m4 , 2019-12-17 19:00:59.772775138+01:00 , caaf00ab51f37268e0337aca23df1b140cfd95a4 ,   0 / 0,  31 / 31, 100%,
tests/m6 , 2019-12-17 19:01:01.334391237+01:00 , caaf00ab51f37268e0337aca23df1b140cfd95a4 ,,   0 / 0,  4 / 36,
tests/m1 , 2019-12-20 17:09:12.031996217+01:00 , 33df8ce55b072563f9dab0f061235e38ad8cca50 ,   118 / 118,  105 / 119, 94%,
tests/m2 , 2019-12-20 17:09:25.776787291+01:00 , 33df8ce55b072563f9dab0f061235e38ad8cca50 ,   0 / 0,  67 / 72, 93%,
tests/m3 , 2019-12-20 17:09:28.807708777+01:00 , 33df8ce55b072563f9dab0f061235e38ad8cca50 ,   53 / 56,  41 / 56, 83%,
tests/m4 , 2019-12-20 17:09:34.565961332+01:00 , 33df8ce55b072563f9dab0f061235e38ad8cca50 ,   0 / 0,  31 / 31, 100%,
tests/m6 , 2019-12-20 17:09:36.398880489+01:00 , 33df8ce55b072563f9dab0f061235e38ad8cca50 ,,   0 / 0,  5 / 36,
tests/m1 , 2019-12-20 22:32:52.222677145+01:00 , 0ee9e13356fbbd002fc33fc4d66f1c68aca1637f ,   118 / 118,  105 / 119, 94%,
tests/m2 , 2019-12-20 22:33:05.878680620+01:00 , 0ee9e13356fbbd002fc33fc4d66f1c68aca1637f ,   0 / 0,  67 / 72, 93%,
tests/m3 , 2019-12-20 22:33:08.871596742+01:00 , 0ee9e13356fbbd002fc33fc4d66f1c68aca1637f ,   53 / 56,  41 / 56, 83%,
tests/m4 , 2019-12-20 22:33:14.856023572+01:00 , 0ee9e13356fbbd002fc33fc4d66f1c68aca1637f ,   0 / 0,  31 / 31, 100%,
tests/m6 , 2019-12-20 22:33:18.272022469+01:00 , 0ee9e13356fbbd002fc33fc4d66f1c68aca1637f ,,   0 / 0,  15 / 36,
tests/m1 , 2019-12-22 13:48:33.028596311+01:00 , ee797fae7c11666e408528872d78a2b0ff94ea25 ,   118 / 118,  105 / 119, 94%,
tests/m2 , 2019-12-22 13:48:46.788153608+01:00 , ee797fae7c11666e408528872d78a2b0ff94ea25 ,   0 / 0,  67 / 72, 93%,
tests/m3 , 2019-12-22 13:48:49.972306450+01:00 , ee797fae7c11666e408528872d78a2b0ff94ea25 ,   53 / 56,  41 / 56, 83%,
tests/m4 , 2019-12-22 13:48:55.917894577+01:00 , ee797fae7c11666e408528872d78a2b0ff94ea25 ,   0 / 0,  31 / 31, 100%,
tests/m6 , 2019-12-22 13:48:59.761642136+01:00 , ee797fae7c11666e408528872d78a2b0ff94ea25 ,,   0 / 0,  17 / 36,
tests/m1 , 2019-12-22 16:05:12.502827644+01:00 , 24a10be27a8495db44ff072c0307f223fd435d08 ,   118 / 118,  105 / 119, 94%,
tests/m2 , 2019-12-22 16:05:24.863057398+01:00 , 24a10be27a8495db44ff072c0307f223fd435d08 ,   0 / 0,  67 / 72, 93%,
tests/m3 , 2019-12-22 16:05:27.482451379+01:00 , 24a10be27a8495db44ff072c0307f223fd435d08 ,   53 / 56,  41 / 56, 83%,
tests/m4 , 2019-12-22 16:05:32.605677715+01:00 , 24a10be27a8495db44ff072c0307f223fd435d08 ,   0 / 0,  31 / 31, 100%,
tests/m6 , 2019-12-22 16:05:35.499178721+01:00 , 24a10be27a8495db44ff072c0307f223fd435d08 ,,   0 / 0,  20 / 36,
tests/m1 , 2019-12-22 16:32:24.565542563+01:00 , 855d5df4d732a885dc9bcb7468bb2a367cf2d4f3 ,   118 / 118,  105 / 119, 94%,
tests/m2 , 2019-12-22 16:32:38.121924537+01:00 , 855d5df4d732a885dc9bcb7468bb2a367cf2d4f3 ,   0 / 0,  67 / 72, 93%,
tests/m3 , 2019-12-22 16:32:41.162435635+01:00 , 855d5df4d732a885dc9bcb7468bb2a367cf2d4f3 ,   53 / 56,  41 / 56, 83%,
tests/m4 , 2019-12-22 16:32:46.976392457+01:00 , 855d5df4d732a885dc9bcb7468bb2a367cf2d4f3 ,   0 / 0,  31 / 31, 100%,
tests/m6 , 2019-12-22 16:32:50.739098098+01:00 , 855d5df4d732a885dc9bcb7468bb2a367cf2d4f3 ,,   0 / 0,  20 / 36,
tests/m1 , 2019-12-22 18:53:24.188566700+01:00 , 370fab5412c528da23dbdcc7a398fdfee49e37c1 ,   118 / 118,  105 / 119, 94%,
tests/m2 , 2019-12-22 18:53:37.883582894+01:00 , 370fab5412c528da23dbdcc7a398fdfee49e37c1 ,   0 / 0,  67 / 72, 93%,
tests/m3 , 2019-12-22 18:53:40.961831965+01:00 , 370fab5412c528da23dbdcc7a398fdfee49e37c1 ,   53 / 56,  41 / 56, 83%,
tests/m4 , 2019-12-22 18:53:46.686499704+01:00 , 370fab5412c528da23dbdcc7a398fdfee49e37c1 ,   0 / 0,  31 / 31, 100%,
tests/m6 , 2019-12-22 18:53:50.303176680+01:00 , 370fab5412c528da23dbdcc7a398fdfee49e37c1 ,,   0 / 0,  20 / 36,
